real,imag
-47.28803322248308,433.75598196465444
-53.756100579601764,426.55856296508915
-51.49102501612048,376.8967854336986
-43.16263237072656,292.0251146786696
-35.36389830425999,195.32596391017202
-33.085972750912916,116.26986696485984
-36.824731466357974,78.43433342103212
