time,log_name
1770238950.7064831,has_sync_sequence=True,281625
1770238950.7080746,has_sync_sequence=True,281625
