time,idx,has_sync_sequence,has_frame,has_packet
1770066862.489478,293831,True,True,True
1770066872.8081462,261818,True,True,True
1770067056.9014833,67864,True,True,True
