time,log_name
1770239523.8898134,has_sync_sequence=True,581692
1770239523.891495,has_frame=True,581692
1770239524.0404139,has_sync_sequence=True,581692
1770239524.0426462,has_frame=True,581692
1770239524.0437033,has_sync_sequence=True,584203
1770239524.0444083,has_frame=True,584203
1770239524.044605,has_sync_sequence=True,584203
1770239524.0452604,has_frame=True,584203
1770239524.0461013,has_sync_sequence=True,586338
1770239524.0468113,has_sync_sequence=True,586338
