time,log_name
1770240574.6092315,has_sync_sequence=True,208509
1770240574.610816,has_sync_sequence=True,208509
