time,log_name
1770460544.022478,has_sync_sequence=True,64740
1770460544.4341671,has_sync_sequence=True,7343
1770460544.4343083,has_sync_sequence=True,11710
1770460544.434362,has_frame=True,11710
1770460544.434388,packet.has_packet=True,11710
1770460544.4344323,has_sync_sequence=True,20627
1770460544.4344852,has_frame=True,20627
1770460544.4345086,packet.has_packet=True,20627
