time,log_name
1770408157.4616382,has_sync_sequence=True,124295
1770408158.8263576,has_sync_sequence=True,525078
1770408163.6829662,has_sync_sequence=True,157291
