time,idx,has_sync_sequence,has_frame,has_packet
1769950376.8625596,552812,True,True,True
1769950376.8642845,601204,True,True
1769950376.9796634,22,True,True,True
1769950376.9856915,48414,True,True,True
1769950376.9916363,96806,True,True,True
1769950376.9974728,145198,True,True,True
1769950377.0033476,193590,True,True,True
1769950377.0090578,241982,True,True,True
1769950377.0148284,290374,True,True,True
1769950377.02047,338766,True,True,True
1769950377.026104,387158,True,True,True
