real,imag
-100.83085678905267,0.0
-248.68658184564498,0.0
-201.1145805992338,0.0
-53.66903280292726,0.0
82.94344789257623,0.0
143.4094412413023,0.0
126.49064760966314,0.0
76.15217391587045,0.0
39.655143769208486,0.0
36.68732918673385,0.0
55.79147536882646,0.0
