real,imag
-22.798338763580936,0.0
-219.6426810240975,0.0
-240.68855836667137,0.0
-141.91520105858353,0.0
-15.983269470743304,0.0
62.9993233666615,0.0
71.75867949111975,0.0
33.42362425511787,0.0
-11.472445723622268,0.0
-34.96095007780441,0.0
-33.35733131309639,0.0
-19.649064838894787,0.0
-7.88445019352026,0.0
-3.259955038440365,0.0
-2.866681906533892,0.0
-2.273099291151037,0.0
