time,idx,has_sync_sequence,has_frame,has_packet
1769941777.3053575,306733,True,True,True
1769941777.3118632,355125,True,True,True
1769941777.3177795,403517,True,True,True
1769941777.3235838,451909,True,True,True
1769941777.3292608,500301,True,True,True
