time,idx,has_sync_sequence,has_frame,has_packet
1768943412.403279,5156,True,True,True
1768943426.2972476,4756,True,True,True
1768943426.2973444,7888,True,True,True
1768943426.2974248,10215,True,True,True
1768943431.6860638,7830,True,True,True
1768943441.8526409,29093,True,True,True
1768943441.9749753,650,True,True,True
1768943441.9750507,3677,True,True,True
1768943451.7847838,28738,True,True,True
1768943470.1412632,24111,True,True,True
