time,idx,has_sync_sequence,has_frame,has_packet
1768936146.489808,1718,True,True,True
1768936156.2922034,14416,True,True,True
1768936156.2948406,18369,True,True,True
1768936156.2974777,22113,True,True,True
1768936160.1600964,29004,True,True,True
