time,idx,has_sync_sequence,has_frame,has_packet
1769380636.1808627,449431,True,True,True
1769380636.193585,456022,True,True,True
1769380636.2074254,462180,True,True,True
1769380636.2210023,468093,True,True,True
1769380636.2343116,474015,True,True,True
1769380636.2483041,479033,True,True,True
1769380636.2621498,483622,True,True,True
1769380636.2757933,488110,True,True,True
