time,idx,has_sync_sequence,has_frame,has_packet
1768858158.2675965,28162,True,True
1768858158.723892,22,True,True
1768858159.4005492,22,True,True,True
