time,idx,has_sync_sequence,has_frame,has_packet
1769200163.9995136,442144,True,True,True
1769200164.0128067,450955,True,True,True
1769200164.0264606,459539,True,True,True
