corr,peak_idx,peak_val
abs,10368,92374.35428010515
abs,10436,90263.83444928107
real,10436,61969.88541780822
real,10661,63306.42768254979
imag,10368,91577.84066822656
all,10368,92374.35428010515
all,10436,90263.83444928107
all,10661,64390.96675334505
