peak_abs_idx,peak_abs_val,peak_real_idx,peak_real_val,peak_imag_idx,peak_imag_val
31889,125714.17190672489,31889,90324.33982517562,30321,89101.77570007707
