peak_real_idx,peak_real_val,peak_imag_idx,peak_imag_val
31889,90324.33982517562,30321,89101.77570007707
